{
    "accuracy": 0.8044692737430168,
    "auc": 0.8437417654808959
}