{
    "accuracy": 0.8044692737430168,
    "auc": 0.842490118577075
}